{"cameraMode":{"drawMode":0,"name":"Shaded","section":"Shading Mode"},"sceneLighting":false,"audioPlay":false,"sceneViewState":{"m_AlwaysRefresh":false,"showFog":true,"showSkybox":false,"showFlares":true,"showImageEffects":true,"showParticleSystems":true,"showVisualEffectGraphs":true,"m_FxEnabled":true},"in2DMode":false,"pivot":{"x":-0.09251751750707627,"y":0.9875410199165344,"z":0.023948747664690019},"rotation":{"x":-0.0011820720974355937,"y":-0.7571254372596741,"z":0.0013702211435884238,"w":-0.6532678604125977},"size":3.3112926483154299,"orthographic":false}